date,temperature,revenue,month,day_of_week,day_of_year,week_of_year,is_holiday,rolling_temp_avg,temp_difference,month_sin,month_cos,day_of_week_sin,day_of_week_cos
2024-01-01,74.98,539.6,1,0,1,1,0,74.98,0.0,0.5,0.866,0.0,1.0
2024-01-02,98.03,642.71,1,1,2,1,0,86.51,23.05,0.5,0.866,0.7818,0.6235
2024-01-03,89.28,435.43,1,2,3,1,0,87.43,-8.75,0.5,0.866,0.9749,-0.2225
2024-01-04,83.95,347.94,1,3,4,1,0,86.56,-5.33,0.5,0.866,0.4339,-0.901
2024-01-05,66.24,451.89,1,4,5,1,0,82.5,-17.71,0.5,0.866,-0.4339,-0.901
2024-01-06,66.24,249.39,1,5,6,1,0,79.79,-0.0,0.5,0.866,-0.9749,-0.2225
2024-01-07,62.32,405.92,1,6,7,1,0,77.29,-3.92,0.5,0.866,-0.7818,0.6235
2024-01-08,94.65,763.38,1,0,8,2,0,80.1,32.32,0.5,0.866,0.0,1.0
2024-01-09,84.04,480.21,1,1,9,2,0,78.1,-10.6,0.5,0.866,0.7818,0.6235
2024-01-10,88.32,474.49,1,2,10,2,0,77.97,4.28,0.5,0.866,0.9749,-0.2225
2024-01-11,60.82,411.34,1,3,11,2,0,74.66,-27.5,0.5,0.866,0.4339,-0.901
2024-01-12,98.8,572.22,1,4,12,2,0,79.31,37.97,0.5,0.866,-0.4339,-0.901
2024-01-13,93.3,584.23,1,5,13,2,0,83.18,-5.5,0.5,0.866,-0.9749,-0.2225
2024-01-14,68.49,519.83,1,6,14,2,0,84.06,-24.8,0.5,0.866,-0.7818,0.6235
2024-01-15,67.27,374.72,1,0,15,3,0,80.15,-1.22,0.5,0.866,0.0,1.0
2024-01-16,67.34,525.12,1,1,16,3,0,77.76,0.06,0.5,0.866,0.7818,0.6235
2024-01-17,72.17,573.39,1,2,17,3,0,75.46,4.83,0.5,0.866,0.9749,-0.2225
2024-01-18,80.99,392.48,1,3,18,3,0,78.34,8.82,0.5,0.866,0.4339,-0.901
2024-01-19,77.28,337.3,1,4,19,3,0,75.26,-3.71,0.5,0.866,-0.4339,-0.901
2024-01-20,71.65,307.24,1,5,20,3,0,72.17,-5.63,0.5,0.866,-0.9749,-0.2225
2024-01-21,84.47,334.3,1,6,21,3,0,74.45,12.82,0.5,0.866,-0.7818,0.6235
2024-01-22,65.58,278.44,1,0,22,4,0,74.21,-18.89,0.5,0.866,0.0,1.0
2024-01-23,71.69,490.48,1,1,23,4,0,74.83,6.11,0.5,0.866,0.7818,0.6235
2024-01-24,74.65,311.46,1,2,24,4,0,75.19,2.97,0.5,0.866,0.9749,-0.2225
2024-01-25,78.24,418.6,1,3,25,4,0,74.79,3.59,0.5,0.866,0.4339,-0.901
2024-01-26,91.41,716.05,1,4,26,4,0,76.81,13.16,0.5,0.866,-0.4339,-0.901
2024-01-27,67.99,295.7,1,5,27,4,0,76.29,-23.42,0.5,0.866,-0.9749,-0.2225
2024-01-28,80.57,578.24,1,6,28,4,0,75.73,12.58,0.5,0.866,-0.7818,0.6235
2024-01-29,83.7,453.17,1,0,29,5,0,78.32,3.13,0.5,0.866,0.0,1.0
2024-01-30,61.86,268.51,1,1,30,5,0,76.92,-21.84,0.5,0.866,0.7818,0.6235
2024-01-31,84.3,531.39,1,2,31,5,0,78.29,22.44,0.5,0.866,0.9749,-0.2225
2024-02-01,66.82,415.23,2,3,32,5,0,76.66,-17.48,0.866,0.5,0.4339,-0.901
2024-02-02,62.6,432.72,2,4,33,5,0,72.55,-4.22,0.866,0.5,-0.4339,-0.901
2024-02-03,97.96,672.81,2,5,34,5,0,76.83,35.35,0.866,0.5,-0.9749,-0.2225
2024-02-04,98.63,711.84,2,6,35,5,0,79.41,0.67,0.866,0.5,-0.7818,0.6235
2024-02-05,92.34,507.04,2,0,36,6,0,80.64,-6.29,0.866,0.5,0.0,1.0
2024-02-06,72.18,346.51,2,1,37,6,0,82.12,-20.15,0.866,0.5,0.7818,0.6235
2024-02-07,63.91,443.12,2,2,38,6,0,79.2,-8.28,0.866,0.5,0.9749,-0.2225
2024-02-08,87.37,648.04,2,3,39,6,0,82.14,23.46,0.866,0.5,0.4339,-0.901
2024-02-09,77.61,573.68,2,4,40,6,0,84.28,-9.76,0.866,0.5,-0.4339,-0.901
2024-02-10,64.88,371.32,2,5,41,6,0,79.56,-12.72,0.866,0.5,-0.9749,-0.2225
2024-02-11,79.81,453.4,2,6,42,6,0,76.87,14.93,0.866,0.5,-0.7818,0.6235
2024-02-12,61.38,406.54,2,0,43,7,0,72.45,-18.43,0.866,0.5,0.0,1.0
2024-02-13,96.37,539.74,2,1,44,7,0,75.9,35.0,0.866,0.5,0.7818,0.6235
2024-02-14,70.35,550.09,2,2,45,7,0,76.82,-26.02,0.866,0.5,0.9749,-0.2225
2024-02-15,86.5,634.71,2,3,46,7,0,76.7,16.15,0.866,0.5,0.4339,-0.901
2024-02-16,72.47,426.88,2,4,47,7,0,75.97,-14.03,0.866,0.5,-0.4339,-0.901
2024-02-17,80.8,611.31,2,5,48,7,0,78.24,8.33,0.866,0.5,-0.9749,-0.2225
2024-02-18,81.87,578.2,2,6,49,7,0,78.53,1.07,0.866,0.5,-0.7818,0.6235
2024-02-19,67.39,302.34,2,0,50,8,0,79.39,-14.47,0.866,0.5,0.0,1.0
2024-02-20,98.78,742.58,2,1,51,8,0,79.74,31.39,0.866,0.5,0.7818,0.6235
2024-02-21,91.01,530.95,2,2,52,8,0,82.69,-7.78,0.866,0.5,0.9749,-0.2225
2024-02-22,97.58,729.51,2,3,53,8,0,84.27,6.57,0.866,0.5,0.4339,-0.901
2024-02-23,95.79,488.68,2,4,54,8,0,87.6,-1.79,0.866,0.5,-0.4339,-0.901
2024-02-24,83.92,637.69,2,5,55,8,0,88.05,-11.88,0.866,0.5,-0.9749,-0.2225
2024-02-25,96.87,528.76,2,6,56,8,0,90.19,12.96,0.866,0.5,-0.7818,0.6235
2024-02-26,63.54,266.49,2,0,57,9,0,89.64,-33.34,0.866,0.5,0.0,1.0
2024-02-27,67.84,523.71,2,1,58,9,0,85.22,4.3,0.866,0.5,0.7818,0.6235
2024-02-28,61.81,290.56,2,2,59,9,0,81.05,-6.03,0.866,0.5,0.9749,-0.2225
2024-02-29,73.01,375.11,2,3,60,9,0,77.54,11.2,0.866,0.5,0.4339,-0.901
2024-03-01,75.55,583.89,3,4,61,9,0,74.65,2.53,1.0,0.0,-0.4339,-0.901
2024-03-02,70.85,533.26,3,5,62,9,0,72.78,-4.69,1.0,0.0,-0.9749,-0.2225
2024-03-03,93.15,577.37,3,6,63,9,0,72.25,22.3,1.0,0.0,-0.7818,0.6235
2024-03-04,74.27,492.33,3,0,64,10,0,73.78,-18.88,1.0,0.0,0.0,1.0
2024-03-05,71.24,427.87,3,1,65,10,0,74.27,-3.03,1.0,0.0,0.7818,0.6235
2024-03-06,81.71,404.22,3,2,66,10,0,77.11,10.47,1.0,0.0,0.9749,-0.2225
2024-03-07,65.64,366.23,3,3,67,10,0,76.06,-16.07,1.0,0.0,0.4339,-0.901
2024-03-08,92.09,643.19,3,4,68,10,0,78.42,26.45,1.0,0.0,-0.4339,-0.901
2024-03-09,62.98,449.74,3,5,69,10,0,77.3,-29.11,1.0,0.0,-0.9749,-0.2225
2024-03-10,99.48,750.41,3,6,70,10,0,78.2,36.49,1.0,0.0,-0.7818,0.6235
2024-03-11,90.89,635.16,3,0,71,11,0,80.57,-8.59,1.0,0.0,0.0,1.0
2024-03-12,67.95,271.69,3,1,72,11,0,80.1,-22.94,1.0,0.0,0.7818,0.6235
2024-03-13,60.22,324.41,3,2,73,11,0,77.03,-7.73,1.0,0.0,0.9749,-0.2225
2024-03-14,92.62,421.72,3,3,74,11,0,80.89,32.4,1.0,0.0,0.4339,-0.901
2024-03-15,88.27,560.22,3,4,75,11,0,80.34,-4.34,1.0,0.0,-0.4339,-0.901
2024-03-16,89.16,513.0,3,5,76,11,0,84.08,0.89,1.0,0.0,-0.9749,-0.2225
2024-03-17,90.85,691.6,3,6,77,11,0,82.85,1.69,1.0,0.0,-0.7818,0.6235
2024-03-18,62.96,317.71,3,0,78,12,0,78.86,-27.89,1.0,0.0,0.0,1.0
2024-03-19,74.34,381.08,3,1,79,12,0,79.78,11.38,1.0,0.0,0.7818,0.6235
2024-03-20,64.63,298.09,3,2,80,12,0,80.41,-9.7,1.0,0.0,0.9749,-0.2225
2024-03-21,94.52,668.21,3,3,81,12,0,80.68,29.89,1.0,0.0,0.4339,-0.901
2024-03-22,84.93,564.27,3,4,82,12,0,80.2,-9.59,1.0,0.0,-0.4339,-0.901
2024-03-23,73.24,332.19,3,5,83,12,0,77.93,-11.7,1.0,0.0,-0.9749,-0.2225
2024-03-24,62.54,275.69,3,6,84,12,0,73.88,-10.69,1.0,0.0,-0.7818,0.6235
2024-03-25,72.44,477.06,3,0,85,13,0,75.24,9.9,1.0,0.0,0.0,1.0
2024-03-26,73.01,322.71,3,1,86,13,0,75.05,0.57,1.0,0.0,0.7818,0.6235
2024-03-27,89.18,687.57,3,2,87,13,0,78.55,16.18,1.0,0.0,0.9749,-0.2225
2024-03-28,85.5,610.46,3,3,88,13,0,77.26,-3.68,1.0,0.0,0.4339,-0.901
2024-03-29,95.49,444.89,3,4,89,13,0,78.77,9.99,1.0,0.0,-0.4339,-0.901
2024-03-30,78.89,332.1,3,5,90,13,0,79.58,-16.6,1.0,0.0,-0.9749,-0.2225
2024-03-31,64.78,495.02,3,6,91,13,0,79.9,-14.1,1.0,0.0,-0.7818,0.6235
2024-04-01,88.53,484.14,4,0,92,14,0,82.2,23.75,0.866,-0.5,0.0,1.0
2024-04-02,90.43,496.91,4,1,93,14,0,84.69,1.9,0.866,-0.5,0.7818,0.6235
2024-04-03,82.45,619.75,4,2,94,14,0,83.73,-7.98,0.866,-0.5,0.9749,-0.2225
2024-04-04,90.84,673.69,4,3,95,14,0,84.49,8.39,0.866,-0.5,0.4339,-0.901
2024-04-05,79.75,664.14,4,4,96,14,0,82.24,-11.09,0.866,-0.5,-0.4339,-0.901
2024-04-06,80.91,564.3,4,5,97,14,0,82.53,1.16,0.866,-0.5,-0.9749,-0.2225
2024-04-07,77.1,415.91,4,6,98,14,0,84.29,-3.81,0.866,-0.5,-0.7818,0.6235
2024-04-08,61.02,244.2,4,0,99,15,0,80.36,-16.08,0.866,-0.5,0.0,1.0
2024-04-09,64.32,424.1,4,1,100,15,0,76.63,3.3,0.866,-0.5,0.7818,0.6235
2024-04-10,61.26,398.32,4,2,101,15,0,73.6,-3.06,0.866,-0.5,0.9749,-0.2225
2024-04-11,85.46,488.3,4,3,102,15,0,72.83,24.2,0.866,-0.5,0.4339,-0.901
2024-04-12,72.57,527.61,4,4,103,15,0,71.8,-12.88,0.866,-0.5,-0.4339,-0.901
2024-04-13,80.34,331.21,4,5,104,15,0,71.72,7.77,0.866,-0.5,-0.9749,-0.2225
2024-04-14,96.3,568.26,4,6,105,15,0,74.47,15.96,0.866,-0.5,-0.7818,0.6235
2024-04-15,69.97,316.44,4,0,106,16,0,75.75,-26.33,0.866,-0.5,0.0,1.0
2024-04-16,76.42,443.72,4,1,107,16,0,77.47,6.44,0.866,-0.5,0.7818,0.6235
2024-04-17,90.22,351.14,4,2,108,16,0,81.61,13.81,0.866,-0.5,0.9749,-0.2225
2024-04-18,69.15,304.56,4,3,109,16,0,79.28,-21.07,0.866,-0.5,0.4339,-0.901
2024-04-19,63.08,276.52,4,4,110,16,0,77.93,-6.07,0.866,-0.5,-0.4339,-0.901
2024-04-20,71.59,418.33,4,5,111,16,0,76.68,8.51,0.866,-0.5,-0.9749,-0.2225
2024-04-21,66.45,463.0,4,6,112,16,0,72.41,-5.14,0.866,-0.5,-0.7818,0.6235
2024-04-22,97.19,610.92,4,0,113,17,0,76.3,30.74,0.866,-0.5,0.0,1.0
2024-04-23,92.32,738.55,4,1,114,17,0,78.57,-4.86,0.866,-0.5,0.7818,0.6235
2024-04-24,85.34,506.28,4,2,115,17,0,77.87,-6.99,0.866,-0.5,0.9749,-0.2225
2024-04-25,94.86,510.37,4,3,116,17,0,81.55,9.52,0.866,-0.5,0.4339,-0.901
2024-04-26,92.15,683.36,4,4,117,17,0,85.7,-2.71,0.866,-0.5,-0.4339,-0.901
2024-04-27,67.46,308.06,4,5,118,17,0,85.11,-24.68,0.866,-0.5,-0.9749,-0.2225
2024-04-28,95.7,803.01,4,6,119,17,0,89.29,28.24,0.866,-0.5,-0.7818,0.6235
2024-04-29,81.57,331.45,4,0,120,18,0,87.06,-14.13,0.866,-0.5,0.0,1.0
2024-04-30,92.3,727.54,4,1,121,18,0,87.05,10.72,0.866,-0.5,0.7818,0.6235
2024-05-01,95.84,399.44,5,2,122,18,0,88.56,3.55,0.5,-0.866,0.9749,-0.2225
2024-05-02,72.72,554.06,5,3,123,18,0,85.39,-23.12,0.5,-0.866,0.4339,-0.901
2024-05-03,64.4,390.66,5,4,124,18,0,81.43,-8.32,0.5,-0.866,-0.4339,-0.901
2024-05-04,69.12,539.52,5,5,125,18,0,81.67,4.72,0.5,-0.866,-0.9749,-0.2225
2024-05-05,77.08,320.15,5,6,126,18,0,79.01,7.97,0.5,-0.866,-0.7818,0.6235
2024-05-06,92.72,575.64,5,0,127,19,0,80.6,15.64,0.5,-0.866,0.0,1.0
2024-05-07,94.43,732.97,5,1,128,19,0,80.9,1.71,0.5,-0.866,0.7818,0.6235
2024-05-08,60.28,352.98,5,2,129,19,0,75.82,-34.15,0.5,-0.866,0.9749,-0.2225
2024-05-09,80.43,526.34,5,3,130,19,0,76.92,20.15,0.5,-0.866,0.4339,-0.901
2024-05-10,76.7,515.13,5,4,131,19,0,78.68,-3.73,0.5,-0.866,-0.4339,-0.901
2024-05-11,68.88,430.86,5,5,132,19,0,78.65,-7.81,0.5,-0.866,-0.9749,-0.2225
2024-05-12,64.79,368.81,5,6,133,19,0,76.89,-4.09,0.5,-0.866,-0.7818,0.6235
2024-05-13,73.5,487.65,5,0,134,20,0,74.15,8.71,0.5,-0.866,0.0,1.0
2024-05-14,97.72,768.02,5,1,135,20,0,74.61,24.21,0.5,-0.866,0.7818,0.6235
2024-05-15,72.93,263.5,5,2,136,20,0,76.42,-24.79,0.5,-0.866,0.9749,-0.2225
2024-05-16,80.75,406.91,5,3,137,20,0,76.47,7.82,0.5,-0.866,0.4339,-0.901
2024-05-17,88.12,680.06,5,4,138,20,0,78.1,7.37,0.5,-0.866,-0.4339,-0.901
2024-05-18,74.55,535.49,5,5,139,20,0,78.91,-13.58,0.5,-0.866,-0.9749,-0.2225
2024-05-19,98.87,560.13,5,6,140,20,0,83.78,24.33,0.5,-0.866,-0.7818,0.6235
2024-05-20,98.5,616.11,5,0,141,21,0,87.35,-0.37,0.5,-0.866,0.0,1.0
2024-05-21,70.07,393.08,5,1,142,21,0,83.4,-28.43,0.5,-0.866,0.7818,0.6235
2024-05-22,79.89,398.39,5,2,143,21,0,84.39,9.82,0.5,-0.866,0.9749,-0.2225
2024-05-23,72.04,447.18,5,3,144,21,0,83.15,-7.85,0.5,-0.866,0.4339,-0.901
2024-05-24,71.39,400.92,5,4,145,21,0,80.76,-0.64,0.5,-0.866,-0.4339,-0.901
2024-05-25,61.48,366.84,5,5,146,21,0,78.89,-9.92,0.5,-0.866,-0.9749,-0.2225
2024-05-26,84.38,353.28,5,6,147,21,0,76.82,22.91,0.5,-0.866,-0.7818,0.6235
2024-05-27,80.11,642.44,5,0,148,22,0,74.19,-4.28,0.5,-0.866,0.0,1.0
2024-05-28,62.06,468.61,5,1,149,22,0,73.05,-18.05,0.5,-0.866,0.7818,0.6235
2024-05-29,71.15,497.53,5,2,150,22,0,71.8,9.09,0.5,-0.866,0.9749,-0.2225
2024-05-30,96.33,587.09,5,3,151,22,0,75.27,25.18,0.5,-0.866,0.4339,-0.901
2024-05-31,69.58,356.98,5,4,152,22,0,75.01,-26.75,0.5,-0.866,-0.4339,-0.901
2024-06-01,65.8,491.58,6,5,153,22,0,75.63,-3.79,0.0,-1.0,-0.9749,-0.2225
2024-06-02,79.58,545.16,6,6,154,22,0,74.94,13.78,0.0,-1.0,-0.7818,0.6235
2024-06-03,99.43,455.16,6,0,155,23,0,77.7,19.85,0.0,-1.0,0.0,1.0
2024-06-04,69.68,555.82,6,1,156,23,0,78.79,-29.74,0.0,-1.0,0.7818,0.6235
2024-06-05,86.89,611.79,6,2,157,23,0,81.04,17.2,0.0,-1.0,0.9749,-0.2225
2024-06-06,90.46,717.87,6,3,158,23,0,80.2,3.58,0.0,-1.0,0.4339,-0.901
2024-06-07,69.51,491.65,6,4,159,23,0,80.19,-20.96,0.0,-1.0,-0.4339,-0.901
2024-06-08,89.13,569.02,6,5,160,23,0,83.52,19.62,0.0,-1.0,-0.9749,-0.2225
2024-06-09,74.71,430.36,6,6,161,23,0,82.83,-14.42,0.0,-1.0,-0.7818,0.6235
2024-06-10,85.29,634.36,6,0,162,24,0,80.81,10.58,0.0,-1.0,0.0,1.0
2024-06-11,85.34,655.49,6,1,163,24,0,83.05,0.05,0.0,-1.0,0.7818,0.6235
2024-06-12,81.43,336.75,6,2,164,24,0,82.27,-3.91,0.0,-1.0,0.9749,-0.2225
2024-06-13,63.61,250.7,6,3,165,24,0,78.43,-17.82,0.0,-1.0,0.4339,-0.901
2024-06-14,93.41,535.29,6,4,166,24,0,81.85,29.8,0.0,-1.0,-0.4339,-0.901
2024-06-15,72.83,513.37,6,5,167,24,0,79.52,-20.58,0.0,-1.0,-0.9749,-0.2225
2024-06-16,67.46,508.08,6,6,168,24,0,78.48,-5.37,0.0,-1.0,-0.7818,0.6235
2024-06-17,61.63,252.47,6,0,169,25,0,75.1,-5.83,0.0,-1.0,0.0,1.0
2024-06-18,83.64,545.43,6,1,170,25,0,74.86,22.0,0.0,-1.0,0.7818,0.6235
2024-06-19,87.1,455.51,6,2,171,25,0,75.67,3.47,0.0,-1.0,0.9749,-0.2225
2024-06-20,60.66,513.1,6,3,172,25,0,75.25,-26.44,0.0,-1.0,0.4339,-0.901
2024-06-21,80.48,551.4,6,4,173,25,0,73.4,19.82,0.0,-1.0,-0.4339,-0.901
2024-06-22,69.06,541.75,6,5,174,25,0,72.86,-11.42,0.0,-1.0,-0.9749,-0.2225
2024-06-23,85.81,508.32,6,6,175,25,0,75.48,16.75,0.0,-1.0,-0.7818,0.6235
2024-06-24,66.97,377.09,6,0,176,26,0,76.25,-18.83,0.0,-1.0,0.0,1.0
2024-06-25,87.64,435.49,6,1,177,26,0,76.82,20.66,0.0,-1.0,0.7818,0.6235
2024-06-26,75.47,326.88,6,2,178,26,0,75.16,-12.17,0.0,-1.0,0.9749,-0.2225
2024-06-27,97.47,726.26,6,3,179,26,0,80.41,22.0,0.0,-1.0,0.4339,-0.901
2024-06-28,65.5,497.05,6,4,180,26,0,78.27,-31.97,0.0,-1.0,-0.4339,-0.901
2024-06-29,73.64,591.34,6,5,181,26,0,78.93,8.14,0.0,-1.0,-0.9749,-0.2225
2024-06-30,64.54,518.45,6,6,182,26,0,75.89,-9.1,0.0,-1.0,-0.7818,0.6235
2024-07-01,96.99,596.16,7,0,183,27,0,80.18,32.45,-0.5,-0.866,0.0,1.0
2024-07-02,95.09,671.74,7,1,184,27,0,81.24,-1.89,-0.5,-0.866,0.7818,0.6235
2024-07-03,70.32,553.16,7,2,185,27,0,80.51,-24.78,-0.5,-0.866,0.9749,-0.2225
2024-07-04,86.4,605.03,7,3,186,27,1,78.93,16.08,-0.5,-0.866,0.4339,-0.901
2024-07-05,92.69,435.5,7,4,187,27,0,82.81,6.29,-0.5,-0.866,-0.4339,-0.901
2024-07-06,82.21,491.85,7,5,188,27,0,84.03,-10.48,-0.5,-0.866,-0.9749,-0.2225
2024-07-07,81.19,370.11,7,6,189,27,0,86.41,-1.02,-0.5,-0.866,-0.7818,0.6235
2024-07-08,69.67,540.91,7,0,190,28,0,82.51,-11.51,-0.5,-0.866,0.0,1.0
2024-07-09,63.72,409.78,7,1,191,28,0,78.03,-5.95,-0.5,-0.866,0.7818,0.6235
2024-07-10,95.89,478.2,7,2,192,28,0,81.68,32.16,-0.5,-0.866,0.9749,-0.2225
2024-07-11,96.02,631.25,7,3,193,28,0,83.06,0.13,-0.5,-0.866,0.4339,-0.901
2024-07-12,85.32,536.69,7,4,194,28,0,82.0,-10.69,-0.5,-0.866,-0.4339,-0.901
2024-07-13,73.56,403.55,7,5,195,28,0,80.77,-11.76,-0.5,-0.866,-0.9749,-0.2225
2024-07-14,73.97,309.9,7,6,196,28,0,79.74,0.41,-0.5,-0.866,-0.7818,0.6235
2024-07-15,89.04,603.5,7,0,197,29,0,82.5,15.07,-0.5,-0.866,0.0,1.0
2024-07-16,95.88,549.04,7,1,198,29,0,87.1,6.85,-0.5,-0.866,0.7818,0.6235
2024-07-17,95.48,697.49,7,2,199,29,0,87.04,-0.4,-0.5,-0.866,0.9749,-0.2225
2024-07-18,91.2,563.98,7,3,200,29,0,86.35,-4.29,-0.5,-0.866,0.4339,-0.901
2024-07-19,85.68,639.91,7,4,201,29,0,86.4,-5.51,-0.5,-0.866,-0.4339,-0.901
2024-07-20,63.37,413.0,7,5,202,29,0,84.95,-22.32,-0.5,-0.866,-0.9749,-0.2225
2024-07-21,66.47,448.3,7,6,203,29,0,83.87,3.1,-0.5,-0.866,-0.7818,0.6235
2024-07-22,95.94,740.49,7,0,204,30,0,84.86,29.48,-0.5,-0.866,0.0,1.0
2024-07-23,84.26,436.2,7,1,205,30,0,83.2,-11.69,-0.5,-0.866,0.7818,0.6235
2024-07-24,60.37,248.24,7,2,206,30,0,78.18,-23.89,-0.5,-0.866,0.9749,-0.2225
2024-07-25,64.06,251.11,7,3,207,30,0,74.31,3.69,-0.5,-0.866,0.4339,-0.901
2024-07-26,86.54,608.08,7,4,208,30,0,74.43,22.48,-0.5,-0.866,-0.4339,-0.901
2024-07-27,60.2,400.54,7,5,209,30,0,73.98,-26.34,-0.5,-0.866,-0.9749,-0.2225
2024-07-28,66.43,438.31,7,6,210,30,0,73.97,6.23,-0.5,-0.866,-0.7818,0.6235
2024-07-29,81.95,401.34,7,0,211,31,0,71.97,15.52,-0.5,-0.866,0.0,1.0
2024-07-30,87.68,383.42,7,1,212,31,0,72.46,5.73,-0.5,-0.866,0.7818,0.6235
2024-07-31,86.08,337.09,7,2,213,31,0,76.13,-1.6,-0.5,-0.866,0.9749,-0.2225
2024-08-01,68.97,344.47,8,3,214,31,0,76.84,-17.11,-0.866,-0.5,0.4339,-0.901
2024-08-02,88.49,544.28,8,4,215,31,0,77.11,19.52,-0.866,-0.5,-0.4339,-0.901
2024-08-03,69.49,359.95,8,5,216,31,0,78.44,-19.0,-0.866,-0.5,-0.9749,-0.2225
2024-08-04,73.02,400.32,8,6,217,31,0,79.38,3.53,-0.866,-0.5,-0.7818,0.6235
2024-08-05,89.86,705.5,8,0,218,32,0,80.51,16.84,-0.866,-0.5,0.0,1.0
2024-08-06,85.99,444.73,8,1,219,32,0,80.27,-3.87,-0.866,-0.5,0.7818,0.6235
2024-08-07,93.97,621.72,8,2,220,32,0,81.4,7.98,-0.866,-0.5,0.9749,-0.2225
2024-08-08,86.3,625.62,8,3,221,32,0,83.87,-7.66,-0.866,-0.5,0.4339,-0.901
2024-08-09,82.73,465.85,8,4,222,32,0,83.05,-3.57,-0.866,-0.5,-0.4339,-0.901
2024-08-10,63.75,396.45,8,5,223,32,0,82.23,-18.99,-0.866,-0.5,-0.9749,-0.2225
2024-08-11,74.71,570.54,8,6,224,32,0,82.47,10.96,-0.866,-0.5,-0.7818,0.6235
2024-08-12,70.61,539.09,8,0,225,33,0,79.72,-4.1,-0.866,-0.5,0.0,1.0
2024-08-13,69.76,322.52,8,1,226,33,0,77.4,-0.85,-0.866,-0.5,0.7818,0.6235
2024-08-14,98.92,813.52,8,2,227,33,0,78.11,29.16,-0.866,-0.5,0.9749,-0.2225
2024-08-15,75.72,450.03,8,3,228,33,0,76.6,-23.2,-0.866,-0.5,0.4339,-0.901
2024-08-16,95.68,504.55,8,4,229,33,0,78.45,19.96,-0.866,-0.5,-0.4339,-0.901
2024-08-17,85.25,483.48,8,5,230,33,0,81.52,-10.44,-0.866,-0.5,-0.9749,-0.2225
2024-08-18,91.79,726.31,8,6,231,33,0,83.96,6.55,-0.866,-0.5,-0.7818,0.6235
2024-08-19,80.11,513.68,8,0,232,34,0,85.32,-11.69,-0.866,-0.5,0.0,1.0
2024-08-20,83.08,429.01,8,1,233,34,0,87.22,2.97,-0.866,-0.5,0.7818,0.6235
2024-08-21,79.7,556.98,8,2,234,34,0,84.48,-3.38,-0.866,-0.5,0.9749,-0.2225
2024-08-22,67.81,350.53,8,3,235,34,0,83.34,-11.89,-0.866,-0.5,0.4339,-0.901
2024-08-23,88.9,371.32,8,4,236,34,0,82.38,21.09,-0.866,-0.5,-0.4339,-0.901
2024-08-24,71.23,334.29,8,5,237,34,0,80.37,-17.67,-0.866,-0.5,-0.9749,-0.2225
2024-08-25,60.97,294.57,8,6,238,34,0,75.97,-10.26,-0.866,-0.5,-0.7818,0.6235
2024-08-26,85.82,407.86,8,0,239,35,0,76.79,24.85,-0.866,-0.5,0.0,1.0
2024-08-27,67.08,274.19,8,1,240,35,0,74.5,-18.73,-0.866,-0.5,0.7818,0.6235
2024-08-28,97.62,626.18,8,2,241,35,0,77.06,30.53,-0.866,-0.5,0.9749,-0.2225
2024-08-29,98.16,459.09,8,3,242,35,0,81.4,0.54,-0.866,-0.5,0.4339,-0.901
2024-08-30,96.59,518.45,8,4,243,35,0,82.5,-1.56,-0.866,-0.5,-0.4339,-0.901
2024-08-31,74.81,579.98,8,5,244,35,0,83.01,-21.79,-0.866,-0.5,-0.9749,-0.2225
2024-09-01,60.62,360.95,9,6,245,35,0,82.96,-14.19,-1.0,-0.0,-0.7818,0.6235
2024-09-02,97.13,621.19,9,0,246,36,0,84.57,36.51,-1.0,-0.0,0.0,1.0
2024-09-03,77.13,369.28,9,1,247,36,0,86.01,-20.01,-1.0,-0.0,0.7818,0.6235
2024-09-04,98.67,482.77,9,2,248,36,0,86.16,21.54,-1.0,-0.0,0.9749,-0.2225
2024-09-05,98.54,421.48,9,3,249,36,0,86.21,-0.12,-1.0,-0.0,0.4339,-0.901
2024-09-06,94.12,461.7,9,4,250,36,0,85.86,-4.42,-1.0,-0.0,-0.4339,-0.901
2024-09-07,71.78,383.78,9,5,251,36,0,85.43,-22.34,-1.0,-0.0,-0.9749,-0.2225
2024-09-08,75.4,364.19,9,6,252,36,0,87.54,3.63,-1.0,-0.0,-0.7818,0.6235
2024-09-09,94.05,408.15,9,0,253,37,0,87.1,18.64,-1.0,-0.0,0.0,1.0
2024-09-10,72.68,292.56,9,1,254,37,0,86.46,-21.37,-1.0,-0.0,0.7818,0.6235
2024-09-11,66.78,398.79,9,2,255,37,0,81.91,-5.9,-1.0,-0.0,0.9749,-0.2225
2024-09-12,82.27,401.14,9,3,256,37,0,79.58,15.49,-1.0,-0.0,0.4339,-0.901
2024-09-13,97.45,537.2,9,4,257,37,0,80.06,15.17,-1.0,-0.0,-0.4339,-0.901
2024-09-14,87.84,502.71,9,5,258,37,0,82.35,-9.6,-1.0,-0.0,-0.9749,-0.2225
2024-09-15,82.8,538.25,9,6,259,37,0,83.41,-5.04,-1.0,-0.0,-0.7818,0.6235
2024-09-16,63.89,286.66,9,0,260,38,0,79.1,-18.92,-1.0,-0.0,0.0,1.0
2024-09-17,84.6,608.13,9,1,261,38,0,80.8,20.71,-1.0,-0.0,0.7818,0.6235
2024-09-18,99.6,662.2,9,2,262,38,0,85.49,15.0,-1.0,-0.0,0.9749,-0.2225
2024-09-19,65.6,284.43,9,3,263,38,0,83.11,-34.0,-1.0,-0.0,0.4339,-0.901
2024-09-20,80.73,605.64,9,4,264,38,0,80.72,15.13,-1.0,-0.0,-0.4339,-0.901
2024-09-21,95.09,749.43,9,5,265,38,0,81.76,14.36,-1.0,-0.0,-0.9749,-0.2225
2024-09-22,89.63,370.1,9,6,266,38,0,82.74,-5.46,-1.0,-0.0,-0.7818,0.6235
2024-09-23,87.88,450.77,9,0,267,39,0,86.16,-1.75,-1.0,-0.0,0.0,1.0
2024-09-24,88.1,627.26,9,1,268,39,0,86.66,0.22,-1.0,-0.0,0.7818,0.6235
2024-09-25,74.38,511.45,9,2,269,39,0,83.06,-13.72,-1.0,-0.0,0.9749,-0.2225
2024-09-26,71.74,333.74,9,3,270,39,0,83.94,-2.64,-1.0,-0.0,0.4339,-0.901
2024-09-27,92.37,451.29,9,4,271,39,0,85.6,20.63,-1.0,-0.0,-0.4339,-0.901
2024-09-28,92.4,496.98,9,5,272,39,0,85.22,0.03,-1.0,-0.0,-0.9749,-0.2225
2024-09-29,94.68,587.35,9,6,273,39,0,85.94,2.28,-1.0,-0.0,-0.7818,0.6235
2024-09-30,96.53,606.95,9,0,274,40,0,87.17,1.85,-1.0,-0.0,0.0,1.0
2024-10-01,80.45,436.8,10,1,275,40,0,86.08,-16.08,-0.866,0.5,0.7818,0.6235
2024-10-02,80.06,459.57,10,2,276,40,0,86.89,-0.39,-0.866,0.5,0.9749,-0.2225
2024-10-03,91.93,671.53,10,3,277,40,0,89.78,11.87,-0.866,0.5,0.4339,-0.901
2024-10-04,86.0,360.54,10,4,278,40,0,88.87,-5.93,-0.866,0.5,-0.4339,-0.901
2024-10-05,88.08,461.89,10,5,279,40,0,88.25,2.08,-0.866,0.5,-0.9749,-0.2225
2024-10-06,91.83,599.65,10,6,280,40,0,87.84,3.75,-0.866,0.5,-0.7818,0.6235
2024-10-07,95.6,730.07,10,0,281,41,0,87.71,3.77,-0.866,0.5,0.0,1.0
2024-10-08,73.52,462.35,10,1,282,41,0,86.72,-22.08,-0.866,0.5,0.7818,0.6235
2024-10-09,75.02,461.42,10,2,283,41,0,86.0,1.5,-0.866,0.5,0.9749,-0.2225
2024-10-10,63.76,303.68,10,3,284,41,0,81.97,-11.26,-0.866,0.5,0.4339,-0.901
2024-10-11,83.13,470.95,10,4,285,41,0,81.56,19.37,-0.866,0.5,-0.4339,-0.901
2024-10-12,61.44,404.83,10,5,286,41,0,77.76,-21.69,-0.866,0.5,-0.9749,-0.2225
2024-10-13,78.62,436.73,10,6,287,41,0,75.87,17.19,-0.866,0.5,-0.7818,0.6235
2024-10-14,81.71,407.56,10,0,288,42,0,73.89,3.08,-0.866,0.5,0.0,1.0
2024-10-15,71.46,384.78,10,1,289,42,0,73.59,-10.24,-0.866,0.5,0.7818,0.6235
2024-10-16,83.63,370.32,10,2,290,42,0,74.82,12.17,-0.866,0.5,0.9749,-0.2225
2024-10-17,61.22,355.34,10,3,291,42,0,74.46,-22.41,-0.866,0.5,0.4339,-0.901
2024-10-18,61.49,287.53,10,4,292,42,0,71.37,0.27,-0.866,0.5,-0.4339,-0.901
2024-10-19,92.9,484.92,10,5,293,42,0,75.86,31.41,-0.866,0.5,-0.9749,-0.2225
2024-10-20,74.41,327.64,10,6,294,42,0,75.26,-18.5,-0.866,0.5,-0.7818,0.6235
2024-10-21,65.08,465.27,10,0,295,43,0,72.89,-9.33,-0.866,0.5,0.0,1.0
2024-10-22,80.89,497.25,10,1,296,43,0,74.23,15.81,-0.866,0.5,0.7818,0.6235
2024-10-23,90.8,589.77,10,2,297,43,0,75.26,9.91,-0.866,0.5,0.9749,-0.2225
2024-10-24,68.63,475.83,10,3,298,43,0,76.32,-22.17,-0.866,0.5,0.4339,-0.901
2024-10-25,84.92,508.27,10,4,299,43,0,79.66,16.28,-0.866,0.5,-0.4339,-0.901
2024-10-26,63.41,280.39,10,5,300,43,0,75.45,-21.5,-0.866,0.5,-0.9749,-0.2225
2024-10-27,62.07,412.63,10,6,301,43,0,73.69,-1.35,-0.866,0.5,-0.7818,0.6235
2024-10-28,81.25,495.78,10,0,302,44,0,76.0,19.19,-0.866,0.5,0.0,1.0
2024-10-29,81.63,589.58,10,1,303,44,0,76.1,0.37,-0.866,0.5,0.7818,0.6235
2024-10-30,85.5,485.33,10,2,304,44,0,75.34,3.87,-0.866,0.5,0.9749,-0.2225
2024-10-31,89.04,400.63,10,3,305,44,0,78.26,3.55,-0.866,0.5,0.4339,-0.901
2024-11-01,99.03,522.05,11,4,306,44,0,80.28,9.99,-0.5,0.866,-0.4339,-0.901
2024-11-02,80.65,417.29,11,5,307,44,0,82.74,-18.38,-0.5,0.866,-0.9749,-0.2225
2024-11-03,72.92,487.72,11,6,308,44,0,84.29,-7.73,-0.5,0.866,-0.7818,0.6235
2024-11-04,91.81,580.17,11,0,309,45,0,85.8,18.89,-0.5,0.866,0.0,1.0
2024-11-05,70.83,394.08,11,1,310,45,0,84.26,-20.97,-0.5,0.866,0.7818,0.6235
2024-11-06,77.56,622.07,11,2,311,45,0,83.12,6.73,-0.5,0.866,0.9749,-0.2225
2024-11-07,63.14,454.65,11,3,312,45,0,79.42,-14.42,-0.5,0.866,0.4339,-0.901
2024-11-08,61.01,289.2,11,4,313,45,0,73.99,-2.12,-0.5,0.866,-0.4339,-0.901
2024-11-09,98.51,423.51,11,5,314,45,0,76.54,37.49,-0.5,0.866,-0.9749,-0.2225
2024-11-10,93.44,418.43,11,6,315,45,0,79.47,-5.07,-0.5,0.866,-0.7818,0.6235
2024-11-11,87.84,426.67,11,0,316,46,0,78.9,-5.6,-0.5,0.866,0.0,1.0
2024-11-12,76.36,341.76,11,1,317,46,0,79.69,-11.48,-0.5,0.866,0.7818,0.6235
2024-11-13,66.93,341.46,11,2,318,46,0,78.18,-9.43,-0.5,0.866,0.9749,-0.2225
2024-11-14,66.26,369.0,11,3,319,46,0,78.62,-0.67,-0.5,0.866,0.4339,-0.901
2024-11-15,70.01,317.18,11,4,320,46,0,79.91,3.75,-0.5,0.866,-0.4339,-0.901
2024-11-16,81.97,605.26,11,5,321,46,0,77.54,11.96,-0.5,0.866,-0.9749,-0.2225
2024-11-17,88.58,392.19,11,6,322,46,0,76.85,6.61,-0.5,0.866,-0.7818,0.6235
2024-11-18,86.41,515.87,11,0,323,47,0,76.65,-2.18,-0.5,0.866,0.0,1.0
2024-11-19,71.2,414.32,11,1,324,47,0,75.91,-15.21,-0.5,0.866,0.7818,0.6235
2024-11-20,98.19,782.69,11,2,325,47,0,80.37,27.0,-0.5,0.866,0.9749,-0.2225
2024-11-21,89.52,367.87,11,3,326,47,0,83.7,-8.68,-0.5,0.866,0.4339,-0.901
2024-11-22,82.17,490.42,11,4,327,47,0,85.43,-7.34,-0.5,0.866,-0.4339,-0.901
2024-11-23,84.47,701.35,11,5,328,47,0,85.79,2.29,-0.5,0.866,-0.9749,-0.2225
2024-11-24,76.78,560.71,11,6,329,47,0,84.11,-7.68,-0.5,0.866,-0.7818,0.6235
2024-11-25,69.91,500.37,11,0,330,48,0,81.75,-6.87,-0.5,0.866,0.0,1.0
2024-11-26,74.24,379.26,11,1,331,48,0,82.18,4.33,-0.5,0.866,0.7818,0.6235
2024-11-27,90.31,429.68,11,2,332,48,0,81.06,16.07,-0.5,0.866,0.9749,-0.2225
2024-11-28,60.58,417.49,11,3,333,48,0,76.92,-29.74,-0.5,0.866,0.4339,-0.901
2024-11-29,64.64,539.09,11,4,334,48,0,74.42,4.07,-0.5,0.866,-0.4339,-0.901
2024-11-30,61.84,381.54,11,5,335,48,0,71.19,-2.8,-0.5,0.866,-0.9749,-0.2225
2024-12-01,61.63,371.46,12,6,336,48,0,69.02,-0.21,-0.0,1.0,-0.7818,0.6235
2024-12-02,94.22,454.8,12,0,337,49,0,72.49,32.59,-0.0,1.0,0.0,1.0
2024-12-03,88.15,609.28,12,1,338,49,0,74.48,-6.07,-0.0,1.0,0.7818,0.6235
2024-12-04,78.97,374.29,12,2,339,49,0,72.86,-9.18,-0.0,1.0,0.9749,-0.2225
2024-12-05,63.91,374.29,12,3,340,49,0,73.34,-15.05,-0.0,1.0,0.4339,-0.901
2024-12-06,79.66,443.88,12,4,341,49,0,75.48,15.75,-0.0,1.0,-0.4339,-0.901
2024-12-07,78.94,480.51,12,5,342,49,0,77.93,-0.73,-0.0,1.0,-0.9749,-0.2225
2024-12-08,66.93,332.28,12,6,343,49,0,78.68,-12.01,-0.0,1.0,-0.7818,0.6235
2024-12-09,77.35,368.72,12,0,344,50,0,76.27,10.43,-0.0,1.0,0.0,1.0
2024-12-10,75.94,539.78,12,1,345,50,0,74.53,-1.41,-0.0,1.0,0.7818,0.6235
2024-12-11,84.63,425.63,12,2,346,50,0,75.34,8.69,-0.0,1.0,0.9749,-0.2225
2024-12-12,85.4,530.39,12,3,347,50,0,78.41,0.77,-0.0,1.0,0.4339,-0.901
2024-12-13,61.81,306.3,12,4,348,50,0,75.86,-23.59,-0.0,1.0,-0.4339,-0.901
2024-12-14,74.98,457.89,12,5,349,50,0,75.29,13.17,-0.0,1.0,-0.9749,-0.2225
2024-12-15,85.03,558.23,12,6,350,50,0,77.88,10.05,-0.0,1.0,-0.7818,0.6235
2024-12-16,80.13,348.79,12,0,351,51,0,78.28,-4.91,-0.0,1.0,0.0,1.0
2024-12-17,91.9,421.97,12,1,352,51,0,91.9,0.0,-0.0,1.0,0.7818,0.6235
2024-12-18,86.34,398.87,12,2,353,51,0,89.12,-5.56,-0.0,1.0,0.9749,-0.2225
2024-12-19,94.02,625.36,12,3,354,51,0,90.75,7.69,-0.0,1.0,0.4339,-0.901
2024-12-20,94.69,649.37,12,4,355,51,0,91.74,0.67,-0.0,1.0,-0.4339,-0.901
2024-12-21,88.33,371.8,12,5,356,51,0,91.06,-6.36,-0.0,1.0,-0.9749,-0.2225
2024-12-22,93.48,772.06,12,6,357,51,0,91.46,5.15,-0.0,1.0,-0.7818,0.6235
2024-12-23,87.9,368.72,12,0,358,52,0,90.95,-5.58,-0.0,1.0,0.0,1.0
2024-12-24,87.21,541.66,12,1,359,52,0,90.28,-0.69,-0.0,1.0,0.7818,0.6235
2024-12-25,84.74,600.35,12,2,360,52,0,90.05,-2.46,-0.0,1.0,0.9749,-0.2225
2024-12-26,90.11,696.47,12,3,361,52,0,89.49,5.36,-0.0,1.0,0.4339,-0.901
2024-12-27,66.34,478.62,12,4,362,52,0,85.45,-23.76,-0.0,1.0,-0.4339,-0.901
2024-12-28,95.23,699.12,12,5,363,52,0,86.43,28.89,-0.0,1.0,-0.9749,-0.2225
2024-12-29,94.87,485.45,12,6,364,52,0,86.63,-0.36,-0.0,1.0,-0.7818,0.6235
2024-12-30,61.17,476.72,12,0,365,1,0,82.81,-33.7,-0.0,1.0,0.0,1.0
2024-12-31,93.03,379.02,12,1,366,1,0,83.64,31.86,-0.0,1.0,0.7818,0.6235
2025-01-01,65.15,499.88,1,2,1,1,0,80.85,-27.88,0.5,0.866,0.9749,-0.2225
2025-01-02,73.4,439.32,1,3,2,1,0,78.46,8.25,0.5,0.866,0.4339,-0.901
2025-01-03,89.74,651.06,1,4,3,1,0,81.8,16.34,0.5,0.866,-0.4339,-0.901
2025-01-04,66.43,392.49,1,5,4,1,0,77.69,-23.31,0.5,0.866,-0.9749,-0.2225
2025-01-05,92.72,615.99,1,6,5,1,0,77.38,26.29,0.5,0.866,-0.7818,0.6235
2025-01-06,93.29,578.0,1,0,6,2,0,81.97,0.57,0.5,0.866,0.0,1.0
2025-01-07,80.3,588.45,1,1,7,2,0,80.15,-12.99,0.5,0.866,0.7818,0.6235
2025-01-08,60.26,269.77,1,2,8,2,0,79.45,-20.04,0.5,0.866,0.9749,-0.2225
2025-01-09,71.48,298.3,1,3,9,2,0,79.17,11.23,0.5,0.866,0.4339,-0.901
2025-01-10,84.68,441.69,1,4,10,2,0,78.45,13.2,0.5,0.866,-0.4339,-0.901
2025-01-11,99.25,484.12,1,5,11,2,0,83.14,14.57,0.5,0.866,-0.9749,-0.2225
2025-01-12,85.27,613.89,1,6,12,2,0,82.07,-13.97,0.5,0.866,-0.7818,0.6235
2025-01-13,70.39,355.24,1,0,13,3,0,78.8,-14.88,0.5,0.866,0.0,1.0
2025-01-14,85.36,688.66,1,1,14,3,0,79.53,14.97,0.5,0.866,0.7818,0.6235
2025-01-15,81.6,430.41,1,2,15,3,0,82.58,-3.76,0.5,0.866,0.9749,-0.2225
2025-01-16,91.19,458.72,1,3,16,3,0,85.39,9.59,0.5,0.866,0.4339,-0.901
2025-01-17,64.28,457.16,1,4,17,3,0,82.48,-26.91,0.5,0.866,-0.4339,-0.901
2025-01-18,90.44,602.57,1,5,18,3,0,81.22,26.16,0.5,0.866,-0.9749,-0.2225
2025-01-19,81.65,485.85,1,6,19,3,0,80.7,-8.79,0.5,0.866,-0.7818,0.6235
2025-01-20,98.52,613.25,1,0,20,4,0,84.72,16.87,0.5,0.866,0.0,1.0
2025-01-21,73.67,484.72,1,1,21,4,0,83.05,-24.84,0.5,0.866,0.7818,0.6235
2025-01-22,85.3,390.37,1,2,22,4,0,83.58,11.63,0.5,0.866,0.9749,-0.2225
2025-01-23,97.28,808.71,1,3,23,4,0,84.45,11.98,0.5,0.866,0.4339,-0.901
2025-01-24,64.1,489.4,1,4,24,4,0,84.42,-33.18,0.5,0.866,-0.4339,-0.901
2025-01-25,97.49,623.73,1,5,25,4,0,85.43,33.39,0.5,0.866,-0.9749,-0.2225
2025-01-26,87.52,376.85,1,6,26,4,0,86.27,-9.97,0.5,0.866,-0.7818,0.6235
2025-01-27,62.71,408.71,1,0,27,5,0,81.15,-24.8,0.5,0.866,0.0,1.0
2025-01-28,72.04,282.5,1,1,28,5,0,80.92,9.33,0.5,0.866,0.7818,0.6235
2025-01-29,88.33,396.98,1,2,29,5,0,81.35,16.29,0.5,0.866,0.9749,-0.2225
2025-01-30,62.69,335.59,1,3,30,5,0,76.41,-25.63,0.5,0.866,0.4339,-0.901
2025-01-31,83.29,473.51,1,4,31,5,0,79.15,20.59,0.5,0.866,-0.4339,-0.901
2025-02-01,73.84,596.83,2,5,32,5,0,75.77,-9.45,0.866,0.5,-0.9749,-0.2225
2025-02-02,84.84,605.74,2,6,33,5,0,75.39,11.0,0.866,0.5,-0.7818,0.6235
2025-02-03,61.83,424.51,2,0,34,6,0,75.26,-23.01,0.866,0.5,0.0,1.0
2025-02-04,94.86,490.91,2,1,35,6,0,78.52,33.03,0.866,0.5,0.7818,0.6235
2025-02-05,98.94,578.48,2,2,36,6,0,80.04,4.08,0.866,0.5,0.9749,-0.2225
2025-02-06,98.76,513.8,2,3,37,6,0,85.19,-0.18,0.866,0.5,0.4339,-0.901
2025-02-07,89.99,682.54,2,4,38,6,0,86.15,-8.77,0.866,0.5,-0.4339,-0.901
2025-02-08,65.2,291.73,2,5,39,6,0,84.92,-24.78,0.866,0.5,-0.9749,-0.2225
2025-02-09,90.33,723.39,2,6,40,6,0,85.7,25.13,0.866,0.5,-0.7818,0.6235
2025-02-10,60.98,412.78,2,0,41,7,0,85.58,-29.35,0.866,0.5,0.0,1.0
2025-02-11,60.88,361.64,2,1,42,7,0,80.73,-0.1,0.866,0.5,0.7818,0.6235
2025-02-12,72.94,515.29,2,2,43,7,0,77.01,12.06,0.866,0.5,0.9749,-0.2225
2025-02-13,79.55,490.1,2,3,44,7,0,74.27,6.6,0.866,0.5,0.4339,-0.901
2025-02-14,90.82,695.73,2,4,45,7,0,74.39,11.27,0.866,0.5,-0.4339,-0.901
2025-02-15,87.33,669.59,2,5,46,7,0,77.55,-3.48,0.866,0.5,-0.9749,-0.2225
2025-02-16,77.84,444.73,2,6,47,7,0,75.76,-9.5,0.866,0.5,-0.7818,0.6235
2025-02-17,70.95,361.09,2,0,48,8,0,77.19,-6.89,0.866,0.5,0.0,1.0
2025-02-18,99.88,621.13,2,1,49,8,0,82.76,28.94,0.866,0.5,0.7818,0.6235
2025-02-19,77.05,583.76,2,2,50,8,0,83.34,-22.84,0.866,0.5,0.9749,-0.2225
2025-02-20,78.06,344.14,2,3,51,8,0,83.13,1.01,0.866,0.5,0.4339,-0.901
2025-02-21,66.54,430.03,2,4,52,8,0,79.66,-11.51,0.866,0.5,-0.4339,-0.901
2025-02-22,91.79,579.29,2,5,53,8,0,80.3,25.25,0.866,0.5,-0.9749,-0.2225
2025-02-23,87.75,586.23,2,6,54,8,0,81.72,-4.05,0.866,0.5,-0.7818,0.6235
2025-02-24,68.83,315.14,2,0,55,9,0,81.41,-18.92,0.866,0.5,0.0,1.0
2025-02-25,63.3,462.25,2,1,56,9,0,76.19,-5.54,0.866,0.5,0.7818,0.6235
2025-02-26,87.22,684.39,2,2,57,9,0,77.64,23.92,0.866,0.5,0.9749,-0.2225
2025-02-27,86.18,375.25,2,3,58,9,0,78.8,-1.04,0.866,0.5,0.4339,-0.901
2025-02-28,70.93,331.33,2,4,59,9,0,79.43,-15.25,0.866,0.5,-0.4339,-0.901
2025-03-01,98.03,791.87,3,5,60,9,0,80.32,27.1,1.0,0.0,-0.9749,-0.2225
2025-03-02,66.04,292.33,3,6,61,9,0,77.22,-31.99,1.0,0.0,-0.7818,0.6235
2025-03-03,77.29,568.83,3,0,62,10,0,78.43,11.25,1.0,0.0,0.0,1.0
2025-03-04,97.74,594.45,3,1,63,10,0,83.35,20.45,1.0,0.0,0.7818,0.6235
2025-03-05,76.79,363.73,3,2,64,10,0,81.86,-20.96,1.0,0.0,0.9749,-0.2225
2025-03-06,85.54,642.21,3,3,65,10,0,81.77,8.75,1.0,0.0,0.4339,-0.901
2025-03-07,75.9,412.14,3,4,66,10,0,82.48,-9.64,1.0,0.0,-0.4339,-0.901
2025-03-08,70.97,417.99,3,5,67,10,0,78.61,-4.94,1.0,0.0,-0.9749,-0.2225
2025-03-09,99.36,546.6,3,6,68,10,0,83.37,28.39,1.0,0.0,-0.7818,0.6235
2025-03-10,76.37,454.78,3,0,69,11,0,83.24,-22.99,1.0,0.0,0.0,1.0
2025-03-11,95.76,454.5,3,1,70,11,0,82.96,19.39,1.0,0.0,0.7818,0.6235
2025-03-12,69.2,384.65,3,2,71,11,0,81.87,-26.57,1.0,0.0,0.9749,-0.2225
2025-03-13,68.52,550.86,3,3,72,11,0,79.44,-0.67,1.0,0.0,0.4339,-0.901
2025-03-14,61.25,312.7,3,4,73,11,0,77.35,-7.28,1.0,0.0,-0.4339,-0.901
2025-03-15,86.07,597.64,3,5,74,11,0,79.5,24.82,1.0,0.0,-0.9749,-0.2225
2025-03-16,74.74,398.69,3,6,75,11,0,75.99,-11.33,1.0,0.0,-0.7818,0.6235
2025-03-17,94.57,662.31,3,0,76,12,0,78.59,19.83,1.0,0.0,0.0,1.0
2025-03-18,78.93,359.48,3,1,77,12,0,76.18,-15.65,1.0,0.0,0.7818,0.6235
2025-03-19,98.73,788.77,3,2,78,12,0,80.4,19.8,1.0,0.0,0.9749,-0.2225
2025-03-20,67.42,393.04,3,3,79,12,0,80.24,-31.31,1.0,0.0,0.4339,-0.901
2025-03-21,94.74,469.25,3,4,80,12,0,85.03,27.32,1.0,0.0,-0.4339,-0.901
2025-03-22,91.06,376.99,3,5,81,12,0,85.74,-3.68,1.0,0.0,-0.9749,-0.2225
2025-03-23,90.84,411.77,3,6,82,12,0,88.04,-0.23,1.0,0.0,-0.7818,0.6235
2025-03-24,93.79,542.11,3,0,83,13,0,87.93,2.95,1.0,0.0,0.0,1.0
2025-03-25,90.44,518.67,3,1,84,13,0,89.58,-3.35,1.0,0.0,0.7818,0.6235
2025-03-26,85.05,597.3,3,2,85,13,0,87.62,-5.39,1.0,0.0,0.9749,-0.2225
2025-03-27,65.25,359.6,3,3,86,13,0,87.31,-19.8,1.0,0.0,0.4339,-0.901
2025-03-28,61.3,291.82,3,4,87,13,0,82.53,-3.95,1.0,0.0,-0.4339,-0.901
2025-03-29,96.83,644.28,3,5,88,13,0,83.36,35.53,1.0,0.0,-0.9749,-0.2225
2025-03-30,84.67,572.13,3,6,89,13,0,82.48,-12.17,1.0,0.0,-0.7818,0.6235
2025-03-31,91.86,453.78,3,0,90,14,0,82.2,7.2,1.0,0.0,0.0,1.0
2025-04-01,79.26,356.72,4,1,91,14,0,80.6,-12.6,0.866,-0.5,0.7818,0.6235
2025-04-02,64.69,273.84,4,2,92,14,0,77.7,-14.57,0.866,-0.5,0.9749,-0.2225
2025-04-03,65.01,434.81,4,3,93,14,0,77.66,0.32,0.866,-0.5,0.4339,-0.901
2025-04-04,87.42,624.72,4,4,94,14,0,81.39,22.42,0.866,-0.5,-0.4339,-0.901
2025-04-05,77.21,431.69,4,5,95,14,0,78.59,-10.21,0.866,-0.5,-0.9749,-0.2225
2025-04-06,68.02,507.97,4,6,96,14,0,76.21,-9.19,0.866,-0.5,-0.7818,0.6235
2025-04-07,79.66,588.06,4,0,97,15,0,74.47,11.64,0.866,-0.5,0.0,1.0
2025-04-08,62.57,405.05,4,1,98,15,0,72.08,-17.1,0.866,-0.5,0.7818,0.6235
2025-04-09,83.28,618.64,4,2,99,15,0,74.74,20.71,0.866,-0.5,0.9749,-0.2225
2025-04-10,70.76,338.7,4,3,100,15,0,75.56,-12.52,0.866,-0.5,0.4339,-0.901
2025-04-11,91.9,409.63,4,4,101,15,0,76.2,21.14,0.866,-0.5,-0.4339,-0.901
2025-04-12,72.41,364.85,4,5,102,15,0,75.52,-19.49,0.866,-0.5,-0.9749,-0.2225
2025-04-13,78.21,349.97,4,6,103,15,0,76.97,5.79,0.866,-0.5,-0.7818,0.6235
2025-04-14,60.46,414.54,4,0,104,16,0,74.23,-17.74,0.866,-0.5,0.0,1.0
2025-04-15,62.9,476.08,4,1,105,16,0,74.28,2.43,0.866,-0.5,0.7818,0.6235
2025-04-16,75.7,287.32,4,2,106,16,0,73.19,12.8,0.866,-0.5,0.9749,-0.2225
2025-04-17,79.2,353.71,4,3,107,16,0,74.4,3.5,0.866,-0.5,0.4339,-0.901
2025-04-18,84.0,539.54,4,4,108,16,0,73.27,4.8,0.866,-0.5,-0.4339,-0.901
2025-04-19,71.67,538.3,4,5,109,16,0,73.16,-12.33,0.866,-0.5,-0.9749,-0.2225
2025-04-20,87.8,495.01,4,6,110,16,0,74.53,16.13,0.866,-0.5,-0.7818,0.6235
2025-04-21,94.4,602.72,4,0,111,17,0,79.38,6.61,0.866,-0.5,0.0,1.0
2025-04-22,91.19,368.87,4,1,112,17,0,83.42,-3.21,0.866,-0.5,0.7818,0.6235
2025-04-23,61.58,294.26,4,2,113,17,0,81.41,-29.61,0.866,-0.5,0.9749,-0.2225
2025-04-24,79.22,662.09,4,3,114,17,0,81.41,17.64,0.866,-0.5,0.4339,-0.901
2025-04-25,64.2,497.04,4,4,115,17,0,78.58,-15.02,0.866,-0.5,-0.4339,-0.901
2025-04-26,69.68,276.03,4,5,116,17,0,78.3,5.48,0.866,-0.5,-0.9749,-0.2225
2025-04-27,99.47,764.93,4,6,117,17,0,79.96,29.78,0.866,-0.5,-0.7818,0.6235
2025-04-28,65.7,410.46,4,0,118,18,0,75.86,-33.77,0.866,-0.5,0.0,1.0
2025-04-29,79.96,584.42,4,1,119,18,0,74.26,14.26,0.866,-0.5,0.7818,0.6235
2025-04-30,84.73,468.54,4,2,120,18,0,77.56,4.77,0.866,-0.5,0.9749,-0.2225
2025-05-01,88.1,534.77,5,3,121,18,0,78.83,3.37,0.5,-0.866,0.4339,-0.901
2025-05-02,82.39,475.24,5,4,122,18,0,81.43,-5.71,0.5,-0.866,-0.4339,-0.901
2025-05-03,60.39,407.33,5,5,123,18,0,80.1,-22.0,0.5,-0.866,-0.9749,-0.2225
2025-05-04,73.06,301.93,5,6,124,18,0,76.33,12.67,0.5,-0.866,-0.7818,0.6235
2025-05-05,80.71,339.13,5,0,125,19,0,78.47,7.65,0.5,-0.866,0.0,1.0
2025-05-06,63.51,348.96,5,1,126,19,0,76.13,-17.19,0.5,-0.866,0.7818,0.6235
2025-05-07,74.03,464.88,5,2,127,19,0,74.6,10.51,0.5,-0.866,0.9749,-0.2225
2025-05-08,61.33,302.31,5,3,128,19,0,70.77,-12.7,0.5,-0.866,0.4339,-0.901
2025-05-09,63.14,447.22,5,4,129,19,0,68.02,1.82,0.5,-0.866,-0.4339,-0.901
2025-05-10,75.88,573.69,5,5,130,19,0,70.24,12.73,0.5,-0.866,-0.9749,-0.2225
2025-05-11,65.31,319.22,5,6,131,19,0,69.13,-10.57,0.5,-0.866,-0.7818,0.6235
2025-05-12,82.7,561.69,5,0,132,20,0,69.41,17.39,0.5,-0.866,0.0,1.0
2025-05-13,87.58,491.67,5,1,133,20,0,72.85,4.88,0.5,-0.866,0.7818,0.6235
2025-05-14,92.02,686.54,5,2,134,20,0,75.42,4.44,0.5,-0.866,0.9749,-0.2225
2025-05-15,68.01,331.38,5,3,135,20,0,76.38,-24.02,0.5,-0.866,0.4339,-0.901
